observation_date,DJIA
2024-09-16,41622.08
2024-09-17,41606.18
2024-09-18,41503.10
2024-09-19,42025.19
2024-09-20,42063.36
2024-09-23,42124.65
2024-09-24,42208.22
2024-09-25,41914.75
2024-09-26,42175.11
2024-09-27,42313.00
2024-09-30,42330.15
2024-10-01,42156.97
2024-10-02,42196.52
2024-10-03,42011.59
2024-10-04,42352.75
2024-10-07,41954.24
2024-10-08,42080.37
2024-10-09,42512.00
2024-10-10,42454.12
2024-10-11,42863.86
2024-10-14,43065.22
2024-10-15,42740.42
2024-10-16,43077.70
2024-10-17,43239.05
2024-10-18,43275.91
2024-10-21,42931.60
2024-10-22,42924.89
2024-10-23,42514.95
2024-10-24,42374.36
2024-10-25,42114.40
2024-10-28,42387.57
2024-10-29,42233.05
2024-10-30,42141.54
2024-10-31,41763.46
2024-11-01,42052.19
2024-11-04,41794.60
2024-11-05,42221.88
2024-11-06,43729.93
2024-11-07,43729.34
2024-11-08,43988.99
2024-11-11,44293.13
2024-11-12,43910.98
2024-11-13,43958.19
2024-11-14,43750.86
2024-11-15,43444.99
2024-11-18,43389.60
2024-11-19,43268.94
2024-11-20,43408.47
2024-11-21,43870.35
2024-11-22,44296.51
2024-11-25,44736.57
2024-11-26,44860.31
2024-11-27,44722.06
2024-11-28,
2024-11-29,44910.65
2024-12-02,44782.00
2024-12-03,44705.53
2024-12-04,45014.04
2024-12-05,44765.71
2024-12-06,44642.52
2024-12-09,44401.93
2024-12-10,44247.83
2024-12-11,44148.56
2024-12-12,43914.12
2024-12-13,43828.06
2024-12-16,43717.48
2024-12-17,43449.90
2024-12-18,42326.87
2024-12-19,42342.24
2024-12-20,42840.26
2024-12-23,42906.95
2024-12-24,43297.03
2024-12-25,
2024-12-26,43325.80
2024-12-27,42992.21
2024-12-30,42573.73
2024-12-31,42544.22
2025-01-01,
2025-01-02,42392.27
2025-01-03,42732.13
2025-01-06,42706.56
2025-01-07,42528.36
2025-01-08,42635.20
2025-01-09,
2025-01-10,41938.45
2025-01-13,42297.12
2025-01-14,42518.28
2025-01-15,43221.55
2025-01-16,43153.13
2025-01-17,43487.83
2025-01-20,
2025-01-21,44025.81
2025-01-22,44156.73
2025-01-23,44565.07
2025-01-24,44424.25
2025-01-27,44713.58
2025-01-28,44850.35
2025-01-29,44713.52
2025-01-30,44882.13
2025-01-31,44544.66
2025-02-03,44421.91
2025-02-04,44556.04
2025-02-05,44873.28
2025-02-06,44747.63
2025-02-07,44303.40
2025-02-10,44470.41
2025-02-11,44593.65
2025-02-12,44368.56
2025-02-13,44711.43
2025-02-14,44546.08
2025-02-17,
2025-02-18,44556.34
2025-02-19,44627.59
2025-02-20,44176.65
2025-02-21,43428.02
2025-02-24,43461.21
2025-02-25,43621.16
2025-02-26,43433.12
2025-02-27,43239.50
2025-02-28,43840.91
2025-03-03,43191.24
2025-03-04,42520.99
2025-03-05,43006.59
2025-03-06,42579.08
2025-03-07,42801.72
2025-03-10,41911.71
2025-03-11,41433.48
2025-03-12,41350.93
2025-03-13,40813.57
2025-03-14,41488.19
2025-03-17,41841.63
2025-03-18,41581.31
2025-03-19,41964.63
2025-03-20,41953.32
2025-03-21,41985.35
2025-03-24,42583.32
2025-03-25,42587.50
2025-03-26,42454.79
2025-03-27,42299.70
2025-03-28,41583.90
2025-03-31,42001.76
2025-04-01,41989.96
2025-04-02,42225.32
2025-04-03,40545.93
2025-04-04,38314.86
2025-04-07,37965.60
2025-04-08,37645.59
2025-04-09,40608.45
2025-04-10,39593.66
2025-04-11,40212.71
2025-04-14,40524.79
2025-04-15,40368.96
2025-04-16,39669.39
2025-04-17,39142.23
2025-04-18,
2025-04-21,38170.41
2025-04-22,39186.98
2025-04-23,39606.57
2025-04-24,40093.40
2025-04-25,40113.50
2025-04-28,40227.59
2025-04-29,40527.62
2025-04-30,40669.36
2025-05-01,40752.96
2025-05-02,41317.43
2025-05-05,41218.83
2025-05-06,40829.00
2025-05-07,41113.97
2025-05-08,41368.45
2025-05-09,41249.38
2025-05-12,42410.10
2025-05-13,42140.43
2025-05-14,42051.06
2025-05-15,42322.75
2025-05-16,42654.74
2025-05-19,42792.07
2025-05-20,42677.24
2025-05-21,41860.44
2025-05-22,41859.09
2025-05-23,41603.07
2025-05-26,
2025-05-27,42343.65
2025-05-28,42098.70
2025-05-29,42215.73
2025-05-30,42270.07
2025-06-02,42305.48
2025-06-03,42519.64
2025-06-04,42427.74
2025-06-05,42319.74
2025-06-06,42762.87
2025-06-09,42761.76
2025-06-10,42866.87
2025-06-11,42865.77
2025-06-12,42967.62
2025-06-13,42197.79
2025-06-16,42515.09
2025-06-17,42215.80
2025-06-18,42171.66
2025-06-19,
2025-06-20,42206.82
2025-06-23,42581.78
2025-06-24,43089.02
2025-06-25,42982.43
2025-06-26,43386.84
2025-06-27,43819.27
2025-06-30,44094.77
2025-07-01,44494.94
2025-07-02,44484.42
2025-07-03,44828.53
2025-07-04,
2025-07-07,44406.36
2025-07-08,44240.76
2025-07-09,44458.30
2025-07-10,44650.64
2025-07-11,44371.51
2025-07-14,44459.65
2025-07-15,44023.29
2025-07-16,44254.78
2025-07-17,44484.49
2025-07-18,44342.19
2025-07-21,44323.07
2025-07-22,44502.44
2025-07-23,45010.29
2025-07-24,44693.91
2025-07-25,44901.92
2025-07-28,44837.56
2025-07-29,44632.99
2025-07-30,44461.28
2025-07-31,44130.98
2025-08-01,43588.58
2025-08-04,44173.64
2025-08-05,44111.74
2025-08-06,44193.12
2025-08-07,43968.64
2025-08-08,44175.61
2025-08-11,43975.09
2025-08-12,44458.61
2025-08-13,44922.27
2025-08-14,44911.26
2025-08-15,44946.12
2025-08-18,44911.82
2025-08-19,44922.27
2025-08-20,44938.31
2025-08-21,44785.50
2025-08-22,45631.74
2025-08-25,45282.47
2025-08-26,45418.07
2025-08-27,45565.23
2025-08-28,45636.90
2025-08-29,45544.88
2025-09-01,
2025-09-02,45295.81
2025-09-03,45271.23
2025-09-04,45621.29
2025-09-05,45400.86
2025-09-08,45514.95
2025-09-09,45711.34
2025-09-10,45490.92
2025-09-11,46108.00
2025-09-12,45834.22
2025-09-15,45883.45
2025-09-16,45757.90
2025-09-17,46018.32
2025-09-18,46142.42
2025-09-19,46315.27
2025-09-22,46381.54
2025-09-23,46292.78
2025-09-24,46121.28
2025-09-25,45947.32
2025-09-26,46247.29
2025-09-29,46316.07
2025-09-30,46397.89
2025-10-01,46441.10
2025-10-02,46519.72
2025-10-03,46758.28
2025-10-06,46694.97
2025-10-07,46602.98
2025-10-08,46601.78
2025-10-09,46358.42
2025-10-10,45479.60
2025-10-13,46067.58
2025-10-14,46270.46
2025-10-15,46253.31
2025-10-16,45952.24
2025-10-17,46190.61
2025-10-20,46706.58
2025-10-21,46924.74
2025-10-22,46590.41
2025-10-23,46734.61
2025-10-24,47207.12
2025-10-27,47544.59
2025-10-28,47706.37
2025-10-29,47632.00
2025-10-30,47522.12
2025-10-31,47562.87
2025-11-03,47336.68
2025-11-04,47085.24
2025-11-05,47311.00
2025-11-06,46912.30
2025-11-07,46987.10
2025-11-10,47368.63
2025-11-11,47927.96
2025-11-12,48254.82
2025-11-13,47457.22
2025-11-14,47147.48
2025-11-17,46590.24
2025-11-18,46091.74
2025-11-19,46138.77
2025-11-20,45752.26
2025-11-21,46245.41
2025-11-24,46448.27
2025-11-25,47112.45
2025-11-26,47427.12
2025-11-27,
2025-11-28,47716.42
2025-12-01,47289.33
2025-12-02,47474.46
2025-12-03,47882.90
2025-12-04,47850.94
2025-12-05,47954.99
2025-12-08,47739.32
2025-12-09,47560.29
2025-12-10,48057.75
2025-12-11,48704.01
2025-12-12,48458.05
2025-12-15,48416.56
2025-12-16,48114.26
2025-12-17,47885.97
2025-12-18,47951.85
2025-12-19,48134.89
2025-12-22,48362.68
2025-12-23,48442.41
2025-12-24,48731.16
2025-12-25,
2025-12-26,48710.97
2025-12-29,48461.93
2025-12-30,48367.06
2025-12-31,48063.29
2026-01-01,
2026-01-02,48382.39
2026-01-05,48977.18
2026-01-06,49462.08
2026-01-07,48996.08
2026-01-08,49266.11
2026-01-09,49504.07
2026-01-12,49590.20
2026-01-13,49191.99
2026-01-14,49149.63
2026-01-15,49442.44
2026-01-16,49359.33
2026-01-19,
2026-01-20,48488.59
2026-01-21,49077.23
2026-01-22,49384.01
2026-01-23,49098.71
2026-01-26,49412.40
2026-01-27,49003.41
2026-01-28,49015.60
2026-01-29,49071.56
2026-01-30,48892.47
2026-02-02,49407.66
2026-02-03,49240.99
2026-02-04,49501.30
2026-02-05,48908.72
2026-02-06,50115.67
2026-02-09,50135.87
2026-02-10,50188.14
2026-02-11,50121.40
2026-02-12,49451.98
2026-02-13,49500.93
2026-02-16,
2026-02-17,49533.19
2026-02-18,49662.66
2026-02-19,49395.16
2026-02-20,49625.97
2026-02-23,48804.06
2026-02-24,49174.50
2026-02-25,49482.15
2026-02-26,49499.20
2026-02-27,48977.92
2026-03-02,48904.78
2026-03-03,48501.27
2026-03-04,48739.41
2026-03-05,47954.74
2026-03-06,47501.55
2026-03-09,47740.80
2026-03-10,47706.51
2026-03-11,47417.27
2026-03-12,46677.85
2026-03-13,46558.47
2026-03-16,46946.41
2026-03-17,46993.26
2026-03-18,46225.15
2026-03-19,46021.43
2026-03-20,45577.47
2026-03-23,46208.47
2026-03-24,46124.06
2026-03-25,46429.49
2026-03-26,45960.11
2026-03-27,45166.64
2026-03-30,45216.14
2026-03-31,46341.51
2026-04-01,46565.74
2026-04-02,46504.67
2026-04-03,
2026-04-06,46669.88
2026-04-07,46584.46
2026-04-08,47909.92
2026-04-09,48185.80
2026-04-10,47916.57
2026-04-13,48218.25
2026-04-14,48535.99
2026-04-15,48463.72
2026-04-16,48578.72
2026-04-17,49447.43
2026-04-20,49442.56
2026-04-21,49149.38
2026-04-22,49490.03
2026-04-23,49310.32
2026-04-24,49230.71
2026-04-27,49167.79
2026-04-28,49141.93
2026-04-29,48861.81
2026-04-30,49652.14
2026-05-01,49499.27
2026-05-04,48941.90
2026-05-05,49298.25
2026-05-06,49910.59
2026-05-07,49596.97
2026-05-08,49609.16
2026-05-11,49704.47
2026-05-12,49760.56
2026-05-13,49693.20
2026-05-14,50063.46
2026-05-15,49526.17
2026-05-18,49686.12
2026-05-19,49363.88
2026-05-20,50009.35
2026-05-21,50285.66
2026-05-22,50579.70
2026-05-25,
2026-05-26,50461.68
2026-05-27,50644.28
2026-05-28,50668.97
2026-05-29,51032.46
2026-06-01,51078.88
2026-06-02,51307.79
2026-06-03,50687.07
2026-06-04,51561.93
2026-06-05,50866.78
2026-06-08,50786.01
2026-06-09,50872.11
2026-06-10,49918.78
2026-06-11,50848.75
2026-06-12,51202.26
2026-06-15,51671.03
2026-06-16,51999.67
2026-06-17,51492.55
2026-06-18,51564.70
2026-06-19,
2026-06-22,51712.71
2026-06-23,51666.84
2026-06-24,51848.90
2026-06-25,51920.62
2026-06-26,51876.11
2026-06-29,52182.74
2026-06-30,52319.20
2026-07-01,52305.24
2026-07-02,52900.07
2026-07-03,
2026-07-06,53055.91
2026-07-07,52925.15
2026-07-08,52348.39
2026-07-09,52487.41
2026-07-10,52637.01
2026-07-13,52498.64
2026-07-14,52508.27
2026-07-15,52658.64
2026-07-16,52552.97
2026-07-17,52146.42
2026-07-20,51839.26
2026-07-21,52224.64
2026-07-22,52218.58
2026-07-23,51711.65
2026-07-24,51947.25
2026-07-27,52210.08
2026-07-28,52747.32
2026-07-29,51594.14
2026-07-30,52208.06
2026-07-31,52485.03
2026-08-03,53178.41
2026-08-04,54085.88
2026-08-05,54349.12
2026-08-06,53885.10
2026-08-07,54036.93
2026-08-10,53975.98
2026-08-11,53791.85
2026-08-12,53770.27
2026-08-13,53839.99
2026-08-14,53732.41
2026-08-17,53459.78
2026-08-18,53343.40
2026-08-19,53463.05
2026-08-20,52759.21
2026-08-21,53277.01
2026-08-24,53417.16
2026-08-25,53577.40
2026-08-26,53463.88
2026-08-27,53569.44
2026-08-28,53559.99
2026-08-31,53185.90
2026-09-01,52766.88
2026-09-02,53061.95
2026-09-03,53686.11
2026-09-04,53414.25
2026-09-07,
2026-09-08,52786.07
2026-09-09,52380.66
2026-09-10,52064.10
2026-09-11,52573.29
2026-09-14,52421.20
2026-09-15,52093.11
2026-09-16,51461.90
2026-09-17,51778.04
