observation_date,SOFR
2024-09-16,5.38
2024-09-17,5.38
2024-09-18,5.33
2024-09-19,4.82
2024-09-20,4.83
2024-09-23,4.83
2024-09-24,4.84
2024-09-25,4.84
2024-09-26,4.83
2024-09-27,4.84
2024-09-30,4.96
2024-10-01,5.05
2024-10-02,4.92
2024-10-03,4.85
2024-10-04,4.83
2024-10-07,4.83
2024-10-08,4.84
2024-10-09,4.83
2024-10-10,4.82
2024-10-11,4.81
2024-10-14,
2024-10-15,4.86
2024-10-16,4.86
2024-10-17,4.85
2024-10-18,4.84
2024-10-21,4.82
2024-10-22,4.83
2024-10-23,4.83
2024-10-24,4.83
2024-10-25,4.83
2024-10-28,4.82
2024-10-29,4.82
2024-10-30,4.81
2024-10-31,4.90
2024-11-01,4.86
2024-11-04,4.82
2024-11-05,4.82
2024-11-06,4.81
2024-11-07,4.82
2024-11-08,4.60
2024-11-11,
2024-11-12,4.60
2024-11-13,4.59
2024-11-14,4.58
2024-11-15,4.57
2024-11-18,4.57
2024-11-19,4.57
2024-11-20,4.56
2024-11-21,4.57
2024-11-22,4.57
2024-11-25,4.58
2024-11-26,4.58
2024-11-27,4.57
2024-11-28,
2024-11-29,4.59
2024-12-02,4.64
2024-12-03,4.64
2024-12-04,4.59
2024-12-05,4.59
2024-12-06,4.60
2024-12-09,4.63
2024-12-10,4.64
2024-12-11,4.62
2024-12-12,4.62
2024-12-13,4.60
2024-12-16,4.65
2024-12-17,4.62
2024-12-18,4.57
2024-12-19,4.30
2024-12-20,4.30
2024-12-23,4.31
2024-12-24,4.40
2024-12-25,
2024-12-26,4.53
2024-12-27,4.46
2024-12-30,4.37
2024-12-31,4.49
2025-01-01,
2025-01-02,4.40
2025-01-03,4.31
2025-01-06,4.27
2025-01-07,4.27
2025-01-08,4.29
2025-01-09,4.30
2025-01-10,4.30
2025-01-13,4.29
2025-01-14,4.28
2025-01-15,4.28
2025-01-16,4.29
2025-01-17,4.29
2025-01-20,
2025-01-21,4.29
2025-01-22,4.30
2025-01-23,4.35
2025-01-24,4.34
2025-01-27,4.34
2025-01-28,4.35
2025-01-29,4.35
2025-01-30,4.36
2025-01-31,4.38
2025-02-03,4.35
2025-02-04,4.33
2025-02-05,4.33
2025-02-06,4.36
2025-02-07,4.35
2025-02-10,4.35
2025-02-11,4.34
2025-02-12,4.32
2025-02-13,4.33
2025-02-14,4.33
2025-02-17,
2025-02-18,4.37
2025-02-19,4.35
2025-02-20,4.33
2025-02-21,4.34
2025-02-24,4.34
2025-02-25,4.33
2025-02-26,4.33
2025-02-27,4.36
2025-02-28,4.39
2025-03-03,4.33
2025-03-04,4.33
2025-03-05,4.34
2025-03-06,4.35
2025-03-07,4.34
2025-03-10,4.33
2025-03-11,4.32
2025-03-12,4.31
2025-03-13,4.30
2025-03-14,4.30
2025-03-17,4.32
2025-03-18,4.31
2025-03-19,4.29
2025-03-20,4.29
2025-03-21,4.30
2025-03-24,4.31
2025-03-25,4.33
2025-03-26,4.35
2025-03-27,4.36
2025-03-28,4.34
2025-03-31,4.41
2025-04-01,4.39
2025-04-02,4.37
2025-04-03,4.39
2025-04-04,4.35
2025-04-07,4.33
2025-04-08,4.40
2025-04-09,4.42
2025-04-10,4.37
2025-04-11,4.33
2025-04-14,4.33
2025-04-15,4.36
2025-04-16,4.31
2025-04-17,4.32
2025-04-18,
2025-04-21,4.32
2025-04-22,4.30
2025-04-23,4.28
2025-04-24,4.29
2025-04-25,4.33
2025-04-28,4.36
2025-04-29,4.36
2025-04-30,4.41
2025-05-01,4.39
2025-05-02,4.36
2025-05-05,4.33
2025-05-06,4.32
2025-05-07,4.30
2025-05-08,4.29
2025-05-09,4.28
2025-05-12,4.28
2025-05-13,4.30
2025-05-14,4.29
2025-05-15,4.31
2025-05-16,4.30
2025-05-19,4.29
2025-05-20,4.27
2025-05-21,4.26
2025-05-22,4.26
2025-05-23,4.26
2025-05-26,
2025-05-27,4.31
2025-05-28,4.33
2025-05-29,4.33
2025-05-30,4.35
2025-06-02,4.35
2025-06-03,4.32
2025-06-04,4.28
2025-06-05,4.29
2025-06-06,4.29
2025-06-09,4.29
2025-06-10,4.28
2025-06-11,4.28
2025-06-12,4.28
2025-06-13,4.28
2025-06-16,4.32
2025-06-17,4.31
2025-06-18,4.28
2025-06-19,
2025-06-20,4.29
2025-06-23,4.29
2025-06-24,4.30
2025-06-25,4.36
2025-06-26,4.40
2025-06-27,4.39
2025-06-30,4.45
2025-07-01,4.44
2025-07-02,4.40
2025-07-03,4.35
2025-07-04,
2025-07-07,4.33
2025-07-08,4.34
2025-07-09,4.32
2025-07-10,4.31
2025-07-11,4.31
2025-07-14,4.33
2025-07-15,4.37
2025-07-16,4.34
2025-07-17,4.34
2025-07-18,4.30
2025-07-21,4.28
2025-07-22,4.28
2025-07-23,4.28
2025-07-24,4.30
2025-07-25,4.36
2025-07-28,4.36
2025-07-29,4.36
2025-07-30,4.32
2025-07-31,4.39
2025-08-01,4.34
2025-08-04,4.33
2025-08-05,4.34
2025-08-06,4.34
2025-08-07,4.35
2025-08-08,4.35
2025-08-11,4.34
2025-08-12,4.36
2025-08-13,4.33
2025-08-14,4.34
2025-08-15,4.36
2025-08-18,4.34
2025-08-19,4.33
2025-08-20,4.31
2025-08-21,4.32
2025-08-22,4.36
2025-08-25,4.37
2025-08-26,4.38
2025-08-27,4.36
2025-08-28,4.34
2025-08-29,4.34
2025-09-01,
2025-09-02,4.39
2025-09-03,4.39
2025-09-04,4.41
2025-09-05,4.42
2025-09-08,4.40
2025-09-09,4.40
2025-09-10,4.39
2025-09-11,4.41
2025-09-12,4.42
2025-09-15,4.51
2025-09-16,4.39
2025-09-17,4.38
2025-09-18,4.14
2025-09-19,4.14
2025-09-22,4.14
2025-09-23,4.12
2025-09-24,4.13
2025-09-25,4.18
2025-09-26,4.16
2025-09-29,4.13
2025-09-30,4.24
2025-10-01,4.20
2025-10-02,4.20
2025-10-03,4.18
2025-10-06,4.15
2025-10-07,4.14
2025-10-08,4.12
2025-10-09,4.13
2025-10-10,4.15
2025-10-13,
2025-10-14,4.19
2025-10-15,4.29
2025-10-16,4.30
2025-10-17,4.18
2025-10-20,4.16
2025-10-21,4.23
2025-10-22,4.21
2025-10-23,4.24
2025-10-24,4.24
2025-10-27,4.27
2025-10-28,4.31
2025-10-29,4.27
2025-10-30,4.04
2025-10-31,4.22
2025-11-03,4.13
2025-11-04,4.00
2025-11-05,3.91
2025-11-06,3.92
2025-11-07,3.93
2025-11-10,3.95
2025-11-11,
2025-11-12,3.98
2025-11-13,4.00
2025-11-14,3.95
2025-11-17,4.00
2025-11-18,3.94
2025-11-19,3.91
2025-11-20,3.91
2025-11-21,3.93
2025-11-24,3.96
2025-11-25,4.01
2025-11-26,4.05
2025-11-27,
2025-11-28,4.12
2025-12-01,4.12
2025-12-02,4.01
2025-12-03,3.95
2025-12-04,3.92
2025-12-05,3.93
2025-12-08,3.95
2025-12-09,3.93
2025-12-10,3.90
2025-12-11,3.66
2025-12-12,3.67
2025-12-15,3.75
2025-12-16,3.69
2025-12-17,3.69
2025-12-18,3.66
2025-12-19,3.66
2025-12-22,3.68
2025-12-23,3.66
2025-12-24,3.66
2025-12-25,
2025-12-26,3.76
2025-12-29,3.77
2025-12-30,3.71
2025-12-31,3.87
2026-01-01,
2026-01-02,3.75
2026-01-05,3.70
2026-01-06,3.66
2026-01-07,3.65
2026-01-08,3.64
2026-01-09,3.64
2026-01-12,3.64
2026-01-13,3.65
2026-01-14,3.64
2026-01-15,3.66
2026-01-16,3.65
2026-01-19,
2026-01-20,3.64
2026-01-21,3.63
2026-01-22,3.64
2026-01-23,3.65
2026-01-26,3.66
2026-01-27,3.66
2026-01-28,3.64
2026-01-29,3.65
2026-01-30,3.68
2026-02-02,3.69
2026-02-03,3.69
2026-02-04,3.65
2026-02-05,3.65
2026-02-06,3.64
2026-02-09,3.63
2026-02-10,3.65
2026-02-11,3.65
2026-02-12,3.65
2026-02-13,3.66
2026-02-16,
2026-02-17,3.71
2026-02-18,3.73
2026-02-19,3.67
2026-02-20,3.66
2026-02-23,3.66
2026-02-24,3.67
2026-02-25,3.67
2026-02-26,3.67
2026-02-27,3.68
2026-03-02,3.71
2026-03-03,3.70
2026-03-04,3.67
2026-03-05,3.66
2026-03-06,3.65
2026-03-09,3.65
2026-03-10,3.64
2026-03-11,3.64
2026-03-12,3.65
2026-03-13,3.65
2026-03-16,3.70
2026-03-17,3.65
2026-03-18,3.62
2026-03-19,3.62
2026-03-20,3.62
2026-03-23,3.62
2026-03-24,3.63
2026-03-25,3.64
2026-03-26,3.65
2026-03-27,3.63
2026-03-30,3.63
2026-03-31,3.68
2026-04-01,3.65
2026-04-02,3.66
2026-04-03,
2026-04-06,3.65
2026-04-07,3.62
2026-04-08,3.59
2026-04-09,3.57
2026-04-10,3.61
2026-04-13,3.63
2026-04-14,3.66
2026-04-15,3.72
2026-04-16,3.67
2026-04-17,3.65
2026-04-20,3.63
2026-04-21,3.63
2026-04-22,3.64
2026-04-23,3.65
2026-04-24,3.66
2026-04-27,3.66
2026-04-28,3.64
2026-04-29,3.63
2026-04-30,3.66
2026-05-01,3.64
2026-05-04,3.63
2026-05-05,3.62
2026-05-06,3.61
2026-05-07,3.60
2026-05-08,3.60
2026-05-11,3.60
2026-05-12,3.60
2026-05-13,3.59
2026-05-14,3.56
2026-05-15,3.55
2026-05-18,3.53
2026-05-19,3.51
2026-05-20,3.50
2026-05-21,3.51
2026-05-22,3.55
2026-05-25,
2026-05-26,3.63
2026-05-27,3.63
2026-05-28,3.62
2026-05-29,3.63
2026-06-01,3.65
2026-06-02,3.63
2026-06-03,3.61
2026-06-04,3.62
2026-06-05,3.63
2026-06-08,3.63
2026-06-09,3.60
2026-06-10,3.59
2026-06-11,3.60
2026-06-12,3.65
2026-06-15,3.69
2026-06-16,3.63
2026-06-17,3.63
2026-06-18,3.62
2026-06-19,
2026-06-22,3.61
2026-06-23,3.62
2026-06-24,3.62
2026-06-25,3.64
2026-06-26,3.62
2026-06-29,3.62
2026-06-30,3.68
2026-07-01,3.66
2026-07-02,3.64
2026-07-03,
2026-07-06,3.63
2026-07-07,3.62
2026-07-08,3.58
2026-07-09,3.53
2026-07-10,3.55
2026-07-13,3.60
2026-07-14,3.63
2026-07-15,3.64
2026-07-16,3.62
2026-07-17,3.59
2026-07-20,3.57
2026-07-21,3.61
2026-07-22,3.62
2026-07-23,3.64
2026-07-24,3.64
2026-07-27,3.64
2026-07-28,3.65
2026-07-29,3.65
2026-07-30,3.65
2026-07-31,3.66
2026-08-03,3.65
2026-08-04,3.66
2026-08-05,3.64
2026-08-06,3.65
2026-08-07,3.62
2026-08-10,3.63
2026-08-11,3.64
2026-08-12,3.62
2026-08-13,3.62
2026-08-14,3.62
2026-08-17,3.66
2026-08-18,3.65
2026-08-19,3.62
2026-08-20,3.63
2026-08-21,3.65
2026-08-24,3.65
2026-08-25,3.66
2026-08-26,3.64
2026-08-27,3.64
2026-08-28,3.65
2026-08-31,3.68
2026-09-01,3.66
2026-09-02,3.65
2026-09-03,3.66
2026-09-04,3.65
2026-09-07,
2026-09-08,3.64
2026-09-09,3.64
2026-09-10,3.62
2026-09-11,3.62
2026-09-14,3.62
2026-09-15,3.64
2026-09-16,3.62
2026-09-17,3.85
