trip_id,participant,cusip,security_type,security_term,direction,face,entry_date,entry_price_per100,entry_kind,exit_date,exit_price_per100,exit_kind,holding_days,coupon_income,financing,fees,pnl,return_on_cost_pct,source_class,official_price_coverage
T00001,@AuctionStrength_Follow,912797RN9,Bill,17-Week,long,544100.0,2025-10-14,99.676384,SECONDARY-CURVE,2025-10-16,99.69775,SECONDARY-CURVE,2,0.0,0.0,0.0,116.25,0.021435,OFFICIAL,1.0
T00002,@AuctionStrength_Follow,912797A72,Bill,2-Day,long,545400.0,2025-12-08,99.979611,SECONDARY-CURVE,2025-12-09,99.989833,SECONDARY-CURVE,1,0.0,0.0,0.0,55.75,0.010224,OFFICIAL,1.0
T00003,@AuctionStrength_Follow,912797SR9,Bill,17-Week,long,549100.0,2026-01-20,99.719222,SECONDARY-CURVE,2026-01-21,99.7285,SECONDARY-CURVE,1,0.0,0.0,0.0,50.95,0.009304,OFFICIAL,1.0
T00004,@AuctionStrength_Follow,912797VK0,Bill,17-Week,long,566100.0,2026-09-08,99.715333,SECONDARY-CURVE,2026-09-09,99.7255,SECONDARY-CURVE,1,0.0,0.0,0.0,57.56,0.010196,OFFICIAL,1.0
T00001,@BellyMeanReversion_FiveY,91282CQD6,Note,5-Year,long,947400.0,2026-03-23,97.989667,SECONDARY-CURVE,2026-03-24,97.635427,SECONDARY-CURVE,1,0.0,0.0,0.0,-3356.07,-0.361508,OFFICIAL,1.0
T00002,@BellyMeanReversion_FiveY,91282CQD6,Note,5-Year,long,914000.0,2026-03-25,97.943525,SECONDARY-CURVE,2026-03-26,97.412588,SECONDARY-CURVE,1,0.0,0.0,0.0,-4852.76,-0.542085,OFFICIAL,1.0
T00003,@BellyMeanReversion_FiveY,91282CQD6,Note,5-Year,long,1800.0,2026-03-27,97.507707,SECONDARY-CURVE,2026-03-30,97.908601,SECONDARY-CURVE,3,0.0,0.0,0.0,7.22,0.411141,OFFICIAL,1.0
T00004,@BellyMeanReversion_FiveY,91282CQD6,Note,5-Year,long,868400.0,2026-03-27,97.507707,SECONDARY-CURVE,2026-03-31,98.129828,SECONDARY-CURVE,4,0.0,0.0,0.0,5402.5,0.638022,OFFICIAL,1.0
T00005,@BellyMeanReversion_FiveY,91282CQG9,Note,5-Year,long,897400.0,2026-04-06,99.531237,SECONDARY-CURVE,2026-04-07,99.667508,SECONDARY-CURVE,1,0.0,0.0,0.0,1222.9,0.136913,OFFICIAL,1.0
T00006,@BellyMeanReversion_FiveY,91282CQK0,Note,5-Year,long,71900.0,2026-05-05,99.083896,SECONDARY-CURVE,2026-05-07,99.263383,SECONDARY-CURVE,2,0.0,0.0,0.0,129.05,0.181146,OFFICIAL,1.0
T00007,@BellyMeanReversion_FiveY,91282CQK0,Note,5-Year,long,34200.0,2026-05-06,99.486434,SECONDARY-CURVE,2026-05-07,99.263383,SECONDARY-CURVE,1,0.0,0.0,0.0,-76.28,-0.224202,OFFICIAL,1.0
T00001,@BillCarry_TenX,912797RD1,Bill,17-Week,long,953100.0,2025-09-18,99.685778,PRIMARY-AUCTION,2025-10-21,100.0,MATURITY-REDEMPTION,33,0.0,0.0,0.0,2994.85,0.315212,OFFICIAL,1.0
T00002,@BillCarry_TenX,912797QP5,Bill,26-Week,long,43000.0,2025-09-23,99.532167,PRIMARY-AUCTION,2025-11-06,100.0,MATURITY-REDEMPTION,44,0.0,0.0,0.0,201.17,0.470032,OFFICIAL,1.0
T00003,@BillCarry_TenX,912797RQ2,Bill,17-Week,long,934000.0,2025-10-23,99.693167,PRIMARY-AUCTION,2025-11-25,100.0,MATURITY-REDEMPTION,33,0.0,0.0,0.0,2865.82,0.307777,OFFICIAL,1.0
T00004,@BillCarry_TenX,912797NU7,Bill,52-Week,long,37700.0,2025-11-10,99.535361,PRIMARY-AUCTION,2025-12-26,100.0,MATURITY-REDEMPTION,46,0.0,0.0,0.0,175.17,0.466808,OFFICIAL,1.0
T00005,@BillCarry_TenX,912797RZ2,Bill,17-Week,long,915700.0,2025-11-26,99.696278,PRIMARY-AUCTION,2025-12-30,100.0,MATURITY-REDEMPTION,34,0.0,0.0,0.0,2781.18,0.304647,OFFICIAL,1.0
T00006,@BillCarry_TenX,912797RJ8,Bill,26-Week,long,2700.0,2025-12-02,99.568333,PRIMARY-AUCTION,2026-01-15,100.0,MATURITY-REDEMPTION,44,0.0,0.0,0.0,11.66,0.433538,OFFICIAL,1.0
T00007,@BillCarry_TenX,912797SJ7,Bill,17-Week,long,898400.0,2025-12-31,99.720778,PRIMARY-AUCTION,2026-02-03,100.0,MATURITY-REDEMPTION,34,0.0,0.0,0.0,2508.53,0.280004,OFFICIAL,1.0
T00008,@BillCarry_TenX,912797RT6,Bill,26-Week,long,24700.0,2025-12-30,99.592847,PRIMARY-AUCTION,2026-02-12,100.0,MATURITY-REDEMPTION,44,0.0,0.0,0.0,100.57,0.408818,OFFICIAL,1.0
T00009,@BillCarry_TenX,912797PM3,Bill,52-Week,long,12400.0,2026-01-06,99.584667,PRIMARY-AUCTION,2026-02-19,100.0,MATURITY-REDEMPTION,44,0.0,0.0,0.0,51.5,0.417065,OFFICIAL,1.0
T00010,@BillCarry_TenX,912797SY4,Bill,17-Week,long,881400.0,2026-02-05,99.717667,PRIMARY-AUCTION,2026-03-10,100.0,MATURITY-REDEMPTION,33,0.0,0.0,0.0,2488.48,0.283132,OFFICIAL,1.0
T00011,@BillCarry_TenX,912797SC2,Bill,26-Week,long,3000.0,2026-02-10,99.575917,PRIMARY-AUCTION,2026-03-26,100.0,MATURITY-REDEMPTION,44,0.0,0.0,0.0,12.72,0.425889,OFFICIAL,1.0
T00012,@BillCarry_TenX,912797SD0,Bill,26-Week,long,25500.0,2026-02-17,99.575333,PRIMARY-AUCTION,2026-04-02,100.0,MATURITY-REDEMPTION,44,0.0,0.0,0.0,108.29,0.426478,OFFICIAL,1.0
T00013,@BillCarry_TenX,912797SL2,Bill,26-Week,long,5300.0,2026-02-24,99.575917,PRIMARY-AUCTION,2026-04-09,100.0,MATURITY-REDEMPTION,44,0.0,0.0,0.0,22.48,0.425889,OFFICIAL,1.0
T00014,@BillCarry_TenX,912797TH0,Bill,17-Week,long,866000.0,2026-03-12,99.716889,PRIMARY-AUCTION,2026-04-14,100.0,MATURITY-REDEMPTION,33,0.0,0.0,0.0,2451.74,0.283915,OFFICIAL,1.0
T00015,@BillCarry_TenX,912797SN8,Bill,26-Week,long,5700.0,2026-03-17,99.575917,PRIMARY-AUCTION,2026-04-30,100.0,MATURITY-REDEMPTION,44,0.0,0.0,0.0,24.17,0.425889,OFFICIAL,1.0
T00016,@BillCarry_TenX,912797TS6,Bill,17-Week,long,851400.0,2026-04-16,99.720389,PRIMARY-AUCTION,2026-05-19,100.0,MATURITY-REDEMPTION,33,0.0,0.0,0.0,2380.61,0.280395,OFFICIAL,1.0
T00017,@BillCarry_TenX,912797SV0,Bill,26-Week,long,19700.0,2026-04-07,99.57825,PRIMARY-AUCTION,2026-05-21,100.0,MATURITY-REDEMPTION,44,0.0,0.0,0.0,83.08,0.423536,OFFICIAL,1.0
T00018,@BillCarry_TenX,912797SW8,Bill,26-Week,long,2200.0,2026-04-14,99.5765,PRIMARY-AUCTION,2026-05-28,100.0,MATURITY-REDEMPTION,44,0.0,0.0,0.0,9.32,0.425301,OFFICIAL,1.0
T00019,@BillCarry_TenX,912797SX6,Bill,26-Week,long,11400.0,2026-04-21,99.578833,PRIMARY-AUCTION,2026-06-04,100.0,MATURITY-REDEMPTION,44,0.0,0.0,0.0,48.01,0.422948,OFFICIAL,1.0
T00020,@BillCarry_TenX,912797TD9,Bill,26-Week,long,10800.0,2026-05-21,99.729625,PRIMARY-AUCTION,2026-06-18,100.0,MATURITY-REDEMPTION,28,0.0,0.0,0.0,29.2,0.271108,OFFICIAL,1.0
T00021,@BillCarry_TenX,912797UB1,Bill,17-Week,long,836900.0,2026-05-21,99.719222,PRIMARY-AUCTION,2026-06-23,100.0,MATURITY-REDEMPTION,33,0.0,0.0,0.0,2349.83,0.281569,OFFICIAL,1.0
T00022,@BillCarry_TenX,912797RF6,Bill,52-Week,long,17500.0,2026-05-26,99.577667,PRIMARY-AUCTION,2026-07-09,100.0,MATURITY-REDEMPTION,44,0.0,0.0,0.0,73.91,0.424124,OFFICIAL,1.0
T00023,@BillCarry_TenX,912797TP2,Bill,26-Week,long,4200.0,2026-06-09,99.58,PRIMARY-AUCTION,2026-07-23,100.0,MATURITY-REDEMPTION,44,0.0,0.0,0.0,17.64,0.421771,OFFICIAL,1.0
T00024,@BillCarry_TenX,912797UR6,Bill,17-Week,long,822800.0,2026-06-25,99.719222,PRIMARY-AUCTION,2026-07-28,100.0,MATURITY-REDEMPTION,33,0.0,0.0,0.0,2310.24,0.281569,OFFICIAL,1.0
T00025,@BillCarry_TenX,912797RG4,Bill,52-Week,long,4900.0,2026-06-23,99.577667,PRIMARY-AUCTION,2026-08-06,100.0,MATURITY-REDEMPTION,44,0.0,0.0,0.0,20.69,0.424124,OFFICIAL,1.0
T00026,@BillCarry_TenX,912797TW7,Bill,26-Week,long,11000.0,2026-06-30,99.573583,PRIMARY-AUCTION,2026-08-13,100.0,MATURITY-REDEMPTION,44,0.0,0.0,0.0,46.91,0.428243,OFFICIAL,1.0
T00027,@BillCarry_TenX,912797TY3,Bill,26-Week,long,11700.0,2026-07-14,99.575333,PRIMARY-AUCTION,2026-08-27,100.0,MATURITY-REDEMPTION,44,0.0,0.0,0.0,49.69,0.426478,OFFICIAL,1.0
T00028,@BillCarry_TenX,912797UW5,Bill,17-Week,long,809000.0,2026-07-30,99.717667,PRIMARY-AUCTION,2026-09-01,100.0,MATURITY-REDEMPTION,33,0.0,0.0,0.0,2284.07,0.283132,OFFICIAL,1.0
T00001,@CalendarBarbell_Max,912797RD1,Bill,17-Week,long,99800.0,2025-09-18,99.685778,PRIMARY-AUCTION,2025-10-21,100.0,MATURITY-REDEMPTION,33,0.0,0.0,0.0,313.59,0.315212,OFFICIAL,1.0
T00002,@CalendarBarbell_Max,912797RM1,Bill,17-Week,long,301200.0,2025-10-02,99.684222,PRIMARY-AUCTION,2025-11-04,100.0,MATURITY-REDEMPTION,33,0.0,0.0,0.0,951.12,0.316778,OFFICIAL,1.0
T00003,@CalendarBarbell_Max,912797QZ3,Bill,26-Week,long,96700.0,2025-11-04,99.545,PRIMARY-AUCTION,2025-12-18,100.0,MATURITY-REDEMPTION,44,0.0,0.0,0.0,439.98,0.45708,OFFICIAL,1.0
T00004,@CalendarBarbell_Max,912797RJ8,Bill,26-Week,long,216900.0,2025-12-02,99.568333,PRIMARY-AUCTION,2026-01-15,100.0,MATURITY-REDEMPTION,44,0.0,0.0,0.0,936.29,0.433538,OFFICIAL,1.0
T00005,@CalendarBarbell_Max,912797QD2,Bill,52-Week,long,176300.0,2026-03-03,99.575333,PRIMARY-AUCTION,2026-04-16,100.0,MATURITY-REDEMPTION,44,0.0,0.0,0.0,748.69,0.426478,OFFICIAL,1.0
T00006,@CalendarBarbell_Max,912810UM8,Bond,30-Year,long,592700.0,2025-11-04,101.290766,SECONDARY-CURVE,2026-05-19,93.524547,MARGIN-LIQUIDATION,196,0.0,0.0,0.0,-46030.38,-7.667253,OFFICIAL,1.0
T00007,@CalendarBarbell_Max,912797TN7,Bill,26-Week,long,107600.0,2026-06-02,99.577083,PRIMARY-AUCTION,2026-07-16,100.0,MATURITY-REDEMPTION,44,0.0,0.0,0.0,455.06,0.424713,OFFICIAL,1.0
T00008,@CalendarBarbell_Max,912797US4,Bill,17-Week,long,106800.0,2026-07-02,99.719611,PRIMARY-AUCTION,2026-08-04,100.0,MATURITY-REDEMPTION,33,0.0,0.0,0.0,299.46,0.281177,OFFICIAL,1.0
T00001,@ConcessionFade_Notes,91282CPB1,Note,2-Year,long,75800.0,2025-09-23,99.864119,PRIMARY-AUCTION,2025-10-01,99.903918,SECONDARY-CURVE,8,0.0,0.0,0.0,30.17,0.039853,OFFICIAL,1.0
T00002,@ConcessionFade_Notes,91282CPC9,Note,3-Year,long,63100.0,2025-10-07,99.785614,PRIMARY-AUCTION,2025-10-16,100.226267,SECONDARY-CURVE,9,0.0,0.0,0.0,278.05,0.4416,OFFICIAL,1.0
T00001,@CurveFlattener_2s10s,91282CNV9,Note,2-Year,short,3400.0,2025-09-18,100.101483,SECONDARY-CURVE,2025-09-24,100.097706,SECONDARY-CURVE,6,0.0,3.55,0.0,0.13,-0.100646,OFFICIAL,1.0
T00002,@CurveFlattener_2s10s,91282CPB1,Note,2-Year,short,2200.0,2025-10-01,99.903918,SECONDARY-CURVE,2025-10-02,99.903551,SECONDARY-CURVE,1,0.0,0.39,0.0,0.01,-0.017291,OFFICIAL,1.0
T00003,@CurveFlattener_2s10s,91282CPB1,Note,2-Year,short,2400.0,2025-10-01,99.903918,SECONDARY-CURVE,2025-10-08,99.843559,SECONDARY-CURVE,7,0.0,2.94,0.0,1.45,-0.062213,OFFICIAL,1.0
T00004,@CurveFlattener_2s10s,91282CPB1,Note,2-Year,short,6700.0,2025-10-01,99.903918,SECONDARY-CURVE,2025-10-14,100.030969,SECONDARY-CURVE,13,0.0,11.7,0.0,-8.51,-0.301968,OFFICIAL,1.0
T00005,@CurveFlattener_2s10s,91282CPB1,Note,2-Year,short,3100.0,2025-10-01,99.903918,SECONDARY-CURVE,2025-10-15,99.991341,SECONDARY-CURVE,14,0.0,7.6,0.0,-2.71,-0.332867,OFFICIAL,1.0
T00006,@CurveFlattener_2s10s,91282CPB1,Note,2-Year,short,3700.0,2025-10-01,99.903918,SECONDARY-CURVE,2025-10-17,100.067727,SECONDARY-CURVE,16,0.0,10.41,0.0,-6.06,-0.445461,OFFICIAL,1.0
T00001,@CurveSteepener_2s10s,91282CNV9,Note,2-Year,long,2000.0,2025-09-18,100.101483,SECONDARY-CURVE,2025-09-23,100.17224,SECONDARY-CURVE,5,0.0,0.0,0.0,1.42,0.070685,OFFICIAL,1.0
T00002,@CurveSteepener_2s10s,91282CNV9,Note,2-Year,long,1300.0,2025-09-18,100.101483,SECONDARY-CURVE,2025-09-25,99.966079,SECONDARY-CURVE,7,0.0,0.0,0.0,-1.76,-0.135267,OFFICIAL,1.0
T00003,@CurveSteepener_2s10s,91282CNV9,Note,2-Year,long,2300.0,2025-09-18,100.101483,SECONDARY-CURVE,2025-09-26,99.984989,SECONDARY-CURVE,8,0.0,0.0,0.0,-2.68,-0.116376,OFFICIAL,1.0
T00004,@CurveSteepener_2s10s,91282CNV9,Note,2-Year,long,800.0,2025-09-18,100.101483,SECONDARY-CURVE,2025-09-30,100.035246,SECONDARY-CURVE,12,0.0,0.0,0.0,-0.53,-0.06617,OFFICIAL,1.0
T00005,@CurveSteepener_2s10s,91282CPB1,Note,2-Year,long,600.0,2025-10-01,99.903918,SECONDARY-CURVE,2025-10-03,99.845969,SECONDARY-CURVE,2,0.0,0.0,0.0,-0.35,-0.058005,OFFICIAL,1.0
T00006,@CurveSteepener_2s10s,91282CPB1,Note,2-Year,long,2600.0,2025-10-01,99.903918,SECONDARY-CURVE,2025-10-06,99.806801,SECONDARY-CURVE,5,0.0,0.0,0.0,-2.53,-0.09721,OFFICIAL,1.0
T00007,@CurveSteepener_2s10s,91282CPB1,Note,2-Year,long,3300.0,2025-10-01,99.903918,SECONDARY-CURVE,2025-10-07,99.863097,SECONDARY-CURVE,6,0.0,0.0,0.0,-1.35,-0.04086,OFFICIAL,1.0
T00008,@CurveSteepener_2s10s,91282CPB1,Note,2-Year,long,1200.0,2025-10-01,99.903918,SECONDARY-CURVE,2025-10-09,99.805859,SECONDARY-CURVE,8,0.0,0.0,0.0,-1.18,-0.098153,OFFICIAL,1.0
T00009,@CurveSteepener_2s10s,91282CPB1,Note,2-Year,long,1900.0,2025-10-01,99.903918,SECONDARY-CURVE,2025-10-10,99.957504,SECONDARY-CURVE,9,0.0,0.0,0.0,1.02,0.053638,OFFICIAL,1.0
T00010,@CurveSteepener_2s10s,91282CPB1,Note,2-Year,long,1900.0,2025-10-01,99.903918,SECONDARY-CURVE,2025-10-16,100.161643,SECONDARY-CURVE,15,0.0,0.0,0.0,4.9,0.257973,OFFICIAL,1.0
T00011,@CurveSteepener_2s10s,91282CPB1,Note,2-Year,long,2100.0,2025-10-01,99.903918,SECONDARY-CURVE,2025-10-21,100.083696,SECONDARY-CURVE,20,0.0,0.0,0.0,3.78,0.179951,OFFICIAL,1.0
T00012,@CurveSteepener_2s10s,91282CPB1,Note,2-Year,long,900.0,2025-10-01,99.903918,SECONDARY-CURVE,2025-10-22,100.084273,SECONDARY-CURVE,21,0.0,0.0,0.0,1.62,0.180528,OFFICIAL,1.0
T00013,@CurveSteepener_2s10s,91282CPB1,Note,2-Year,long,900.0,2025-10-01,99.903918,SECONDARY-CURVE,2025-10-23,100.025036,SECONDARY-CURVE,22,0.0,0.0,0.0,1.09,0.121234,OFFICIAL,1.0
T00014,@CurveSteepener_2s10s,91282CPB1,Note,2-Year,long,1200.0,2025-10-01,99.903918,SECONDARY-CURVE,2025-10-24,100.025719,SECONDARY-CURVE,23,0.0,0.0,0.0,1.46,0.121918,OFFICIAL,1.0
T00015,@CurveSteepener_2s10s,91282CPB1,Note,2-Year,long,2700.0,2025-10-01,99.903918,SECONDARY-CURVE,2025-10-28,100.039841,SECONDARY-CURVE,27,0.0,0.0,0.0,3.67,0.136054,OFFICIAL,1.0
T00016,@CurveSteepener_2s10s,91282CPB1,Note,2-Year,long,800.0,2025-10-01,99.903918,SECONDARY-CURVE,2025-10-29,99.811094,SECONDARY-CURVE,28,0.0,0.0,0.0,-0.74,-0.092913,OFFICIAL,1.0
T00017,@CurveSteepener_2s10s,91282CPB1,Note,2-Year,long,5300.0,2025-10-01,99.903918,SECONDARY-CURVE,2025-10-30,99.77545,SECONDARY-CURVE,29,0.0,0.0,0.0,-6.81,-0.128592,OFFICIAL,1.0
T00018,@CurveSteepener_2s10s,91282CPB1,Note,2-Year,long,700.0,2025-10-01,99.903918,SECONDARY-CURVE,2025-10-31,99.792459,SECONDARY-CURVE,30,0.0,0.0,0.0,-0.78,-0.111566,OFFICIAL,1.0
T00001,@DurationTrend_TenX,91282CNT4,Note,10-Year,long,18600.0,2025-10-15,101.733316,SECONDARY-CURVE,2025-10-20,102.155232,SECONDARY-CURVE,5,0.0,0.0,0.0,78.48,0.414727,OFFICIAL,1.0
T00002,@DurationTrend_TenX,91282CNT4,Note,10-Year,long,25400.0,2025-10-15,101.733316,SECONDARY-CURVE,2025-10-24,101.996639,SECONDARY-CURVE,9,0.0,0.0,0.0,66.88,0.258837,OFFICIAL,1.0
T00003,@DurationTrend_TenX,91282CNT4,Note,10-Year,long,6800.0,2025-10-15,101.733316,SECONDARY-CURVE,2025-10-27,102.079225,SECONDARY-CURVE,12,0.0,0.0,0.0,23.52,0.340015,OFFICIAL,1.0
T00004,@DurationTrend_TenX,91282CNT4,Note,10-Year,long,53900.0,2025-10-15,101.733316,SECONDARY-CURVE,2025-10-30,101.25482,SECONDARY-CURVE,15,0.0,0.0,0.0,-257.91,-0.470343,OFFICIAL,1.0
T00005,@DurationTrend_TenX,91282CNT4,Note,10-Year,long,18800.0,2025-10-15,101.733316,SECONDARY-CURVE,2025-10-31,101.262008,SECONDARY-CURVE,16,0.0,0.0,0.0,-88.61,-0.463278,OFFICIAL,1.0
T00006,@DurationTrend_TenX,91282CNT4,Note,10-Year,long,700.0,2025-10-15,101.733316,SECONDARY-CURVE,2025-11-03,101.108945,SECONDARY-CURVE,19,0.0,0.0,0.0,-4.37,-0.613733,OFFICIAL,1.0
T00007,@DurationTrend_TenX,91282CNT4,Note,10-Year,long,13600.0,2025-10-15,101.733316,SECONDARY-CURVE,2025-11-04,101.350635,SECONDARY-CURVE,20,0.0,0.0,0.0,-52.04,-0.376161,OFFICIAL,1.0
T00008,@DurationTrend_TenX,91282CNT4,Note,10-Year,long,749500.0,2025-10-15,101.733316,SECONDARY-CURVE,2025-11-06,101.284025,SECONDARY-CURVE,22,0.0,0.0,0.0,-3367.44,-0.441636,OFFICIAL,1.0
T00009,@DurationTrend_TenX,91282CNT4,Note,10-Year,long,34100.0,2025-10-17,101.989087,SECONDARY-CURVE,2025-11-06,101.284025,SECONDARY-CURVE,20,0.0,0.0,0.0,-240.43,-0.691311,OFFICIAL,1.0
T00010,@DurationTrend_TenX,91282CNT4,Note,10-Year,long,8100.0,2025-10-21,102.327764,SECONDARY-CURVE,2025-11-06,101.284025,SECONDARY-CURVE,16,0.0,0.0,0.0,-84.54,-1.019996,OFFICIAL,1.0
T00011,@DurationTrend_TenX,91282CNT4,Note,10-Year,long,10900.0,2025-10-22,102.407633,SECONDARY-CURVE,2025-11-06,101.284025,SECONDARY-CURVE,15,0.0,0.0,0.0,-122.47,-1.097192,OFFICIAL,1.0
T00012,@DurationTrend_TenX,91282CNT4,Note,10-Year,long,4300.0,2025-10-23,102.072573,SECONDARY-CURVE,2025-11-06,101.284025,SECONDARY-CURVE,14,0.0,0.0,0.0,-33.91,-0.772537,OFFICIAL,1.0
T00013,@DurationTrend_TenX,91282CNT4,Note,10-Year,long,1900.0,2025-10-28,102.246605,SECONDARY-CURVE,2025-11-06,101.284025,SECONDARY-CURVE,9,0.0,0.0,0.0,-18.29,-0.94143,OFFICIAL,1.0
T00014,@DurationTrend_TenX,91282CNT4,Note,10-Year,long,10400.0,2025-10-29,101.499552,SECONDARY-CURVE,2025-11-06,101.284025,SECONDARY-CURVE,8,0.0,0.0,0.0,-22.41,-0.212343,OFFICIAL,1.0
T00015,@DurationTrend_TenX,91282CNT4,Note,10-Year,long,14800.0,2025-11-05,100.779663,SECONDARY-CURVE,2025-11-06,101.284025,SECONDARY-CURVE,1,0.0,0.0,0.0,74.65,0.50046,OFFICIAL,1.0
T00016,@DurationTrend_TenX,91282CNT4,Note,10-Year,short,87400.0,2025-11-06,101.284025,SECONDARY-CURVE,2025-11-07,101.285823,SECONDARY-CURVE,1,0.0,14.65,0.0,-1.57,-0.018323,OFFICIAL,1.0
T00017,@DurationTrend_TenX,91282CNT4,Note,10-Year,long,1000.0,2025-11-07,101.285823,SECONDARY-CURVE,2025-11-10,101.120979,SECONDARY-CURVE,3,0.0,0.0,0.0,-1.65,-0.162751,OFFICIAL,1.0
T00018,@DurationTrend_TenX,91282CNT4,Note,10-Year,long,828300.0,2025-11-07,101.285823,SECONDARY-CURVE,2025-11-12,101.528165,SECONDARY-CURVE,5,0.0,0.0,0.0,2007.32,0.239265,OFFICIAL,1.0
T00019,@DurationTrend_TenX,91282CNT4,Note,10-Year,short,105800.0,2025-11-12,101.528165,SECONDARY-CURVE,2025-11-13,101.283426,SECONDARY-CURVE,1,0.0,36.06,0.0,258.93,0.207484,OFFICIAL,1.0
T00020,@DurationTrend_TenX,91282CNT4,Note,10-Year,long,833400.0,2025-11-13,101.283426,SECONDARY-CURVE,2025-11-17,101.086641,SECONDARY-CURVE,4,0.0,0.0,0.0,-1640.01,-0.194291,OFFICIAL,1.0
T00021,@DurationTrend_TenX,91282CNT4,Note,10-Year,long,10800.0,2025-11-14,101.039387,SECONDARY-CURVE,2025-11-17,101.086641,SECONDARY-CURVE,3,0.0,0.0,0.0,5.1,0.046768,OFFICIAL,1.0
T00022,@DurationTrend_TenX,91282CPJ4,Note,10-Year,short,22700.0,2026-01-15,98.712516,SECONDARY-CURVE,2026-01-22,98.001726,SECONDARY-CURVE,7,0.0,24.04,0.0,161.35,0.612766,OFFICIAL,1.0
T00023,@DurationTrend_TenX,91282CPJ4,Note,10-Year,short,15800.0,2026-01-15,98.712516,SECONDARY-CURVE,2026-01-26,98.322689,SECONDARY-CURVE,11,0.0,21.52,0.0,61.59,0.256902,OFFICIAL,1.0
T00024,@DurationTrend_TenX,91282CPJ4,Note,10-Year,short,16000.0,2026-01-15,98.712516,SECONDARY-CURVE,2026-01-27,98.169211,SECONDARY-CURVE,12,0.0,29.12,0.0,86.93,0.366018,OFFICIAL,1.0
T00025,@DurationTrend_TenX,91282CPJ4,Note,10-Year,short,17100.0,2026-01-15,98.712516,SECONDARY-CURVE,2026-01-30,98.035561,SECONDARY-CURVE,15,0.0,38.91,0.0,115.76,0.45526,OFFICIAL,1.0
T00026,@DurationTrend_TenX,91282CPJ4,Note,10-Year,short,8100.0,2026-01-15,98.712516,SECONDARY-CURVE,2026-02-04,97.799662,SECONDARY-CURVE,20,0.0,24.63,0.0,73.94,0.616776,OFFICIAL,1.0
T00027,@DurationTrend_TenX,91282CPJ4,Note,10-Year,short,57400.0,2026-01-15,98.712516,SECONDARY-CURVE,2026-02-06,98.362512,SECONDARY-CURVE,22,0.0,191.94,0.0,200.9,0.015818,OFFICIAL,1.0
T00028,@DurationTrend_TenX,91282CPJ4,Note,10-Year,short,900.0,2026-01-15,98.712516,SECONDARY-CURVE,2026-02-10,98.852045,SECONDARY-CURVE,26,0.0,3.56,0.0,-1.26,-0.541514,OFFICIAL,1.0
T00029,@DurationTrend_TenX,91282CPJ4,Note,10-Year,short,718500.0,2026-01-15,98.712516,SECONDARY-CURVE,2026-02-11,98.680022,SECONDARY-CURVE,27,0.0,2948.09,0.0,233.47,-0.382745,OFFICIAL,1.0
T00030,@DurationTrend_TenX,91282CPJ4,Note,10-Year,short,2800.0,2026-01-16,98.15672,SECONDARY-CURVE,2026-02-11,98.680022,SECONDARY-CURVE,26,0.0,11.06,0.0,-14.65,-0.935542,OFFICIAL,1.0
T00031,@DurationTrend_TenX,91282CPJ4,Note,10-Year,short,52400.0,2026-01-20,97.684615,SECONDARY-CURVE,2026-02-11,98.680022,SECONDARY-CURVE,22,0.0,199.02,0.0,-521.59,-1.407808,OFFICIAL,1.0
T00032,@DurationTrend_TenX,91282CPJ4,Note,10-Year,short,35900.0,2026-01-21,98.004934,SECONDARY-CURVE,2026-02-11,98.680022,SECONDARY-CURVE,21,0.0,114.7,0.0,-242.36,-1.014822,OFFICIAL,1.0
T00033,@DurationTrend_TenX,91282CPJ4,Note,10-Year,short,15200.0,2026-01-28,98.010913,SECONDARY-CURVE,2026-02-11,98.680022,SECONDARY-CURVE,14,0.0,32.39,0.0,-101.7,-0.900092,OFFICIAL,1.0
T00034,@DurationTrend_TenX,91282CPJ4,Note,10-Year,short,15600.0,2026-01-29,98.182946,SECONDARY-CURVE,2026-02-11,98.680022,SECONDARY-CURVE,13,0.0,30.88,0.0,-77.54,-0.707889,OFFICIAL,1.0
T00035,@DurationTrend_TenX,91282CPJ4,Note,10-Year,short,14700.0,2026-02-02,97.796171,SECONDARY-CURVE,2026-02-11,98.680022,SECONDARY-CURVE,9,0.0,24.62,0.0,-129.93,-1.075009,OFFICIAL,1.0
T00036,@DurationTrend_TenX,91282CPJ4,Note,10-Year,short,24100.0,2026-02-03,97.877589,SECONDARY-CURVE,2026-02-11,98.680022,SECONDARY-CURVE,8,0.0,29.3,0.0,-193.39,-0.944065,OFFICIAL,1.0
T00037,@DurationTrend_TenX,91282CPJ4,Note,10-Year,short,7900.0,2026-02-09,98.373936,SECONDARY-CURVE,2026-02-11,98.680022,SECONDARY-CURVE,2,0.0,4.8,0.0,-24.18,-0.372887,OFFICIAL,1.0
T00038,@DurationTrend_TenX,91282CPJ4,Note,10-Year,short,857600.0,2026-02-12,99.409162,SECONDARY-CURVE,2026-02-13,99.824274,SECONDARY-CURVE,1,0.0,131.94,0.0,-3560.0,-0.433055,OFFICIAL,1.0
T00039,@DurationTrend_TenX,91282CPJ4,Note,10-Year,long,807900.0,2026-02-17,99.759865,SECONDARY-CURVE,2026-09-10,93.373488,MARGIN-LIQUIDATION,205,16158.0,0.0,0.0,-51595.54,-4.396936,OFFICIAL,1.0
T00001,@LiquidityWeighted_Participant,912797RD1,Bill,17-Week,long,235500.0,2025-09-18,99.685778,PRIMARY-AUCTION,2025-10-21,100.0,SECONDARY-CURVE,33,0.0,0.0,0.0,739.99,0.315212,OFFICIAL,1.0
T00002,@LiquidityWeighted_Participant,912797QS9,Bill,26-Week,long,235200.0,2025-10-21,99.540333,PRIMARY-AUCTION,2025-12-02,99.979,SECONDARY-CURVE,42,0.0,0.0,0.0,1031.74,0.440693,OFFICIAL,1.0
T00003,@LiquidityWeighted_Participant,912797NU7,Bill,52-Week,long,65700.0,2025-09-22,99.013556,PRIMARY-AUCTION,2025-12-24,99.980111,SECONDARY-CURVE,93,0.0,0.0,0.0,635.03,0.976185,OFFICIAL,1.0
T00004,@LiquidityWeighted_Participant,912797RJ8,Bill,26-Week,long,234500.0,2025-12-02,99.568333,PRIMARY-AUCTION,2026-01-13,99.980167,SECONDARY-CURVE,42,0.0,0.0,0.0,965.75,0.413619,OFFICIAL,1.0
T00005,@LiquidityWeighted_Participant,912797SH1,Bill,17-Week,long,65100.0,2025-12-24,99.722333,PRIMARY-AUCTION,2026-01-27,100.0,SECONDARY-CURVE,34,0.0,0.0,0.0,180.76,0.27844,OFFICIAL,1.0
T00006,@LiquidityWeighted_Participant,912797RU3,Bill,26-Week,long,234600.0,2026-01-13,99.58175,PRIMARY-AUCTION,2026-02-24,99.979833,SECONDARY-CURVE,42,0.0,0.0,0.0,933.9,0.399755,OFFICIAL,1.0
T00007,@LiquidityWeighted_Participant,912797SB4,Bill,26-Week,long,64800.0,2026-01-27,99.575917,PRIMARY-AUCTION,2026-03-10,99.979778,SECONDARY-CURVE,42,0.0,0.0,0.0,261.7,0.405581,OFFICIAL,1.0
T00008,@LiquidityWeighted_Participant,912797SL2,Bill,26-Week,long,234700.0,2026-02-24,99.575917,PRIMARY-AUCTION,2026-04-07,99.980056,SECONDARY-CURVE,42,0.0,0.0,0.0,948.51,0.40586,OFFICIAL,1.0
T00009,@LiquidityWeighted_Participant,912797SM0,Bill,26-Week,long,64500.0,2026-03-10,99.575917,PRIMARY-AUCTION,2026-04-21,99.980111,SECONDARY-CURVE,42,0.0,0.0,0.0,260.71,0.405915,OFFICIAL,1.0
T00010,@LiquidityWeighted_Participant,912797SV0,Bill,26-Week,long,234700.0,2026-04-07,99.57825,PRIMARY-AUCTION,2026-05-19,99.980222,SECONDARY-CURVE,42,0.0,0.0,0.0,943.43,0.403674,OFFICIAL,1.0
T00011,@LiquidityWeighted_Participant,912797SX6,Bill,26-Week,long,64200.0,2026-04-21,99.578833,PRIMARY-AUCTION,2026-06-02,99.979833,SECONDARY-CURVE,42,0.0,0.0,0.0,257.44,0.402696,OFFICIAL,1.0
T00012,@LiquidityWeighted_Participant,912797TF4,Bill,26-Week,long,234700.0,2026-05-19,99.582333,PRIMARY-AUCTION,2026-06-30,99.979944,SECONDARY-CURVE,42,0.0,0.0,0.0,933.19,0.399279,OFFICIAL,1.0
T00013,@LiquidityWeighted_Participant,912797TN7,Bill,26-Week,long,63900.0,2026-06-02,99.577083,PRIMARY-AUCTION,2026-07-14,99.979778,SECONDARY-CURVE,42,0.0,0.0,0.0,257.32,0.404405,OFFICIAL,1.0
T00014,@LiquidityWeighted_Participant,912797TW7,Bill,26-Week,long,234800.0,2026-06-30,99.573583,PRIMARY-AUCTION,2026-08-11,99.979778,SECONDARY-CURVE,42,0.0,0.0,0.0,953.75,0.407935,OFFICIAL,1.0
T00015,@LiquidityWeighted_Participant,912797TY3,Bill,26-Week,long,63600.0,2026-07-14,99.575333,PRIMARY-AUCTION,2026-08-25,99.979778,SECONDARY-CURVE,42,0.0,0.0,0.0,257.23,0.40617,OFFICIAL,1.0
T00001,@LongBond_MaxDur,912810UM8,Bond,30-Year,long,885500.0,2025-10-15,101.779185,SECONDARY-CURVE,2026-03-20,96.755242,MARGIN-LIQUIDATION,156,0.0,0.0,0.0,-44487.02,-4.93612,OFFICIAL,1.0
T00002,@LongBond_MaxDur,912810UR7,Bond,30-Year,long,326200.0,2026-04-15,97.813408,SECONDARY-CURVE,2026-07-31,92.253675,MARGIN-LIQUIDATION,107,0.0,0.0,0.0,-18135.85,-5.684019,OFFICIAL,1.0
T00001,@SOFRPivot_Switch,91282CNT4,Note,10-Year,long,885400.0,2025-10-15,101.733316,SECONDARY-CURVE,2025-10-20,102.155232,SECONDARY-CURVE,5,0.0,0.0,0.0,3735.64,0.414727,OFFICIAL,1.0
T00002,@SOFRPivot_Switch,91282CNT4,Note,10-Year,long,19100.0,2025-10-17,101.989087,SECONDARY-CURVE,2025-10-20,102.155232,SECONDARY-CURVE,3,0.0,0.0,0.0,31.73,0.162905,OFFICIAL,1.0
T00003,@SOFRPivot_Switch,912797RD1,Bill,17-Week,long,99800.0,2025-09-18,99.685778,PRIMARY-AUCTION,2025-10-21,100.0,MATURITY-REDEMPTION,33,0.0,0.0,0.0,313.59,0.315212,OFFICIAL,1.0
T00004,@SOFRPivot_Switch,91282CNT4,Note,10-Year,long,921500.0,2025-10-31,101.262008,SECONDARY-CURVE,2025-11-03,101.108945,SECONDARY-CURVE,3,0.0,0.0,0.0,-1410.48,-0.151155,OFFICIAL,1.0
T00005,@SOFRPivot_Switch,91282CNT4,Note,10-Year,long,42000.0,2025-11-04,101.350635,SECONDARY-CURVE,2025-11-06,101.284025,SECONDARY-CURVE,2,0.0,0.0,0.0,-27.98,-0.065722,OFFICIAL,1.0
T00006,@SOFRPivot_Switch,91282CNT4,Note,10-Year,long,14200.0,2025-11-04,101.350635,SECONDARY-CURVE,2025-11-12,101.528165,SECONDARY-CURVE,8,0.0,0.0,0.0,25.21,0.175164,OFFICIAL,1.0
T00007,@SOFRPivot_Switch,91282CNT4,Note,10-Year,long,16200.0,2025-11-04,101.350635,SECONDARY-CURVE,2025-11-17,101.086641,SECONDARY-CURVE,13,0.0,0.0,0.0,-42.77,-0.260476,OFFICIAL,1.0
T00008,@SOFRPivot_Switch,912797RQ2,Bill,17-Week,long,99600.0,2025-10-23,99.693167,PRIMARY-AUCTION,2025-11-25,100.0,MATURITY-REDEMPTION,33,0.0,0.0,0.0,305.61,0.307777,OFFICIAL,1.0
T00009,@SOFRPivot_Switch,912797QS9,Bill,26-Week,long,3800.0,2025-10-21,99.540333,PRIMARY-AUCTION,2025-12-04,100.0,MATURITY-REDEMPTION,44,0.0,0.0,0.0,17.47,0.46179,OFFICIAL,1.0
T00010,@SOFRPivot_Switch,912797QY6,Bill,26-Week,long,500.0,2025-10-28,99.547333,PRIMARY-AUCTION,2025-12-11,100.0,MATURITY-REDEMPTION,44,0.0,0.0,0.0,2.26,0.454725,OFFICIAL,1.0
T00011,@SOFRPivot_Switch,91282CPJ4,Note,10-Year,long,4700.0,2026-01-15,98.712516,SECONDARY-CURVE,2026-01-27,98.169211,SECONDARY-CURVE,12,0.0,0.0,0.0,-25.54,-0.550391,OFFICIAL,1.0
T00012,@SOFRPivot_Switch,91282CNT4,Note,10-Year,long,833200.0,2025-11-04,101.350635,SECONDARY-CURVE,2026-05-19,97.248176,MARGIN-LIQUIDATION,196,0.0,0.0,0.0,-34181.69,-4.047788,OFFICIAL,1.0
T00013,@SOFRPivot_Switch,91282CQQ7,Note,10-Year,long,400.0,2026-07-15,98.673452,SECONDARY-CURVE,2026-07-16,98.516699,SECONDARY-CURVE,1,0.0,0.0,0.0,-0.63,-0.15886,OFFICIAL,1.0
T00014,@SOFRPivot_Switch,912797TN7,Bill,26-Week,long,3900.0,2026-06-02,99.577083,PRIMARY-AUCTION,2026-07-16,100.0,MATURITY-REDEMPTION,44,0.0,0.0,0.0,16.49,0.424713,OFFICIAL,1.0
T00015,@SOFRPivot_Switch,91282CQQ7,Note,10-Year,long,5900.0,2026-07-15,98.673452,SECONDARY-CURVE,2026-07-17,98.671431,SECONDARY-CURVE,2,0.0,0.0,0.0,-0.12,-0.002048,OFFICIAL,1.0
T00016,@SOFRPivot_Switch,91282CQQ7,Note,10-Year,long,10100.0,2026-07-15,98.673452,SECONDARY-CURVE,2026-07-21,98.036765,SECONDARY-CURVE,6,0.0,0.0,0.0,-64.31,-0.645247,OFFICIAL,1.0
T00017,@SOFRPivot_Switch,91282CQQ7,Note,10-Year,long,366000.0,2026-07-15,98.673452,SECONDARY-CURVE,2026-07-22,97.729251,SECONDARY-CURVE,7,0.0,0.0,0.0,-3455.78,-0.956895,OFFICIAL,1.0
T00018,@SOFRPivot_Switch,91282CQQ7,Note,10-Year,long,300.0,2026-07-30,97.669554,SECONDARY-CURVE,2026-07-31,97.12603,SECONDARY-CURVE,1,0.0,0.0,0.0,-1.63,-0.556493,OFFICIAL,1.0
T00019,@SOFRPivot_Switch,91282CQQ7,Note,10-Year,long,346600.0,2026-07-30,97.669554,SECONDARY-CURVE,2026-08-03,97.518121,SECONDARY-CURVE,4,0.0,0.0,0.0,-524.87,-0.155046,OFFICIAL,1.0
T00020,@SOFRPivot_Switch,91282CQQ7,Note,10-Year,long,340400.0,2026-08-13,98.076879,SECONDARY-CURVE,2026-08-14,97.692943,SECONDARY-CURVE,1,0.0,0.0,0.0,-1306.92,-0.391464,OFFICIAL,1.0
T00001,@TBillLadder_MaxRoll,912797RD1,Bill,17-Week,long,99800.0,2025-09-18,99.685778,PRIMARY-AUCTION,2025-10-21,100.0,MATURITY-REDEMPTION,33,0.0,0.0,0.0,313.59,0.315212,OFFICIAL,1.0
T00002,@TBillLadder_MaxRoll,912797RQ2,Bill,17-Week,long,100100.0,2025-10-23,99.693167,PRIMARY-AUCTION,2025-11-25,100.0,MATURITY-REDEMPTION,33,0.0,0.0,0.0,307.14,0.307777,OFFICIAL,1.0
T00003,@TBillLadder_MaxRoll,912797RZ2,Bill,17-Week,long,100400.0,2025-11-26,99.696278,PRIMARY-AUCTION,2025-12-30,100.0,MATURITY-REDEMPTION,34,0.0,0.0,0.0,304.94,0.304647,OFFICIAL,1.0
T00004,@TBillLadder_MaxRoll,912797SJ7,Bill,17-Week,long,100700.0,2025-12-31,99.720778,PRIMARY-AUCTION,2026-02-03,100.0,MATURITY-REDEMPTION,34,0.0,0.0,0.0,281.18,0.280004,OFFICIAL,1.0
T00005,@TBillLadder_MaxRoll,912797SY4,Bill,17-Week,long,101100.0,2026-02-05,99.717667,PRIMARY-AUCTION,2026-03-10,100.0,MATURITY-REDEMPTION,33,0.0,0.0,0.0,285.44,0.283132,OFFICIAL,1.0
T00006,@TBillLadder_MaxRoll,912797TH0,Bill,17-Week,long,101400.0,2026-03-12,99.716889,PRIMARY-AUCTION,2026-04-14,100.0,MATURITY-REDEMPTION,33,0.0,0.0,0.0,287.07,0.283915,OFFICIAL,1.0
T00007,@TBillLadder_MaxRoll,912797TS6,Bill,17-Week,long,101700.0,2026-04-16,99.720389,PRIMARY-AUCTION,2026-05-19,100.0,MATURITY-REDEMPTION,33,0.0,0.0,0.0,284.36,0.280395,OFFICIAL,1.0
T00008,@TBillLadder_MaxRoll,912797TD9,Bill,26-Week,long,500.0,2026-05-21,99.729625,PRIMARY-AUCTION,2026-06-18,100.0,MATURITY-REDEMPTION,28,0.0,0.0,0.0,1.35,0.271108,OFFICIAL,1.0
T00009,@TBillLadder_MaxRoll,912797UB1,Bill,17-Week,long,102000.0,2026-05-21,99.719222,PRIMARY-AUCTION,2026-06-23,100.0,MATURITY-REDEMPTION,33,0.0,0.0,0.0,286.39,0.281569,OFFICIAL,1.0
T00010,@TBillLadder_MaxRoll,912797UR6,Bill,17-Week,long,102300.0,2026-06-25,99.719222,PRIMARY-AUCTION,2026-07-28,100.0,MATURITY-REDEMPTION,33,0.0,0.0,0.0,287.24,0.281569,OFFICIAL,1.0
T00011,@TBillLadder_MaxRoll,912797UW5,Bill,17-Week,long,102600.0,2026-07-30,99.717667,PRIMARY-AUCTION,2026-09-01,100.0,MATURITY-REDEMPTION,33,0.0,0.0,0.0,289.67,0.283132,OFFICIAL,1.0
